{"cameraMode":{"drawMode":0,"name":"Shaded","section":"Shading Mode"},"sceneLighting":true,"audioPlay":false,"sceneViewState":{"showFog":true,"showMaterialUpdate":false,"showSkybox":true,"showFlares":true,"showImageEffects":true,"showParticleSystems":true},"in2DMode":false,"pivot":{"x":-2.43442440032959,"y":-2.0801165103912355,"z":-4.181994438171387},"rotation":{"x":-0.20611347258090974,"y":0.2723524272441864,"z":-0.05984881520271301,"w":-0.9379551410675049},"size":5.069773197174072,"orthographic":false}