{"cameraMode":{"drawMode":0,"name":"Shaded","section":"Shading Mode"},"sceneLighting":true,"audioPlay":false,"sceneViewState":{"showFog":true,"showMaterialUpdate":false,"showSkybox":true,"showFlares":true,"showImageEffects":true,"showParticleSystems":true},"in2DMode":false,"pivot":{"x":-0.77540522813797,"y":-1.7933298349380494,"z":-0.009107589721679688},"rotation":{"x":-0.04978737235069275,"y":-0.008392088115215302,"z":0.0004183670098427683,"w":-0.9987251162528992},"size":8.790746688842774,"orthographic":false}