{"cameraMode":{"drawMode":0,"name":"Shaded","section":"Shading Mode"},"sceneLighting":true,"audioPlay":false,"sceneViewState":{"showFog":true,"showMaterialUpdate":false,"showSkybox":true,"showFlares":true,"showImageEffects":true,"showParticleSystems":true},"in2DMode":false,"pivot":{"x":-0.23239803314208985,"y":1.619809865951538,"z":0.204132080078125},"rotation":{"x":0.02216806262731552,"y":-0.04287887364625931,"z":-0.0009517694124951959,"w":-0.9988344311714172},"size":5.030526638031006,"orthographic":false}